,name,isactual,public,genre,famous,books
0,Daniel Jensen,FALSE,adult,Romance,TRUE,"[Book(El susurro del corazon), Book(El baile de los sentimientos), Book(El destello de tus ojos), Book(Entre suenos y promesas), Book(El latido eterno), Book(Bajo el cielo estrellado), Book(El abrazo del destino), Book(Entre ruinas y rosas), Book(Las sombras del pasado), Book(El beso robado), Book(El jardin de los suspiros), Book(El secreto del corazon), Book(Bajo el manto de la luna), Book(El susurro de tus palabras), Book(El fuego de la tentacion), Book(Entre susurros y gemidos), Book(La danza de la lujuria), Book(Amor en tiempos eroticos), Book(Bajo la piel del deseo), Book(Noches de extasis), Book(Destino ardiente), Book(Bajo la sombra del pecado), Book(Entre llamas y suspiros), Book(Susurros del pasado), Book(La promesa olvidada), Book(El amor entre los siglos), Book(El jardin de los enamorados), Book(El destino de dos corazones), Book(La dama y el pirata), Book(El secreto del castillo), Book(El beso del caballero), Book(El encuentro en la mansion), Book(El amor en tiempos de guerra), Book(El suspiro de la princesa), Book(El amor en la corte)]"
1,Samuel Schilling,TRUE,adult,Romance,TRUE,"[Book(El suspiro del amor), Book(El perfume de la pasion), Book(La melodia del amor perdido), Book(El eco del amor), Book(El susurro del viento), Book(El hechizo de tus labios), Book(La promesa eterna), Book(El baul de los recuerdos), Book(El refugio de los enamorados), Book(Seduccion en la penumbra), Book(El perfume del deseo), Book(Secretos entre sabanas), Book(Bajo el hechizo del placer), Book(Noches de pasion prohibida), Book(Despertar de los sentidos), Book(El juego del deseo), Book(El arte del placer), Book(Labios prohibidos), Book(El abrazo del deseo), Book(El instante eterno), Book(Pasion adictiva), Book(El susurro del amor), Book(El vertigo del placer), Book(Bajo el cielo eterno), Book(El suspiro del caballero), Book(El encanto de la condesa), Book(La pasion prohibida), Book(El susurro de la marquesa), Book(La promesa del duque), Book(El corazon del corsario), Book(La venganza del conde), Book(El baile de los amantes), Book(El encuentro en el bosque), Book(La pasion de la doncella)]"
2,Terrance Fernandez,TRUE,adult,Historical,TRUE,"[Book(El susurro de la historia), Book(La memoria de los siglos), Book(El lienzo de la vida), Book(El retrato de una era), Book(El reflejo de los recuerdos), Book(El susurro de los antepasados), Book(El susurro del destino), Book(El eco de los acontecimientos), Book(El legado de una epoca), Book(El suspiro de la historia), Book(El latido de la memoria), Book(El retrato de una generacion), Book(El susurro de los ancestros), Book(La huella del tiempo), Book(El susurro del legado), Book(El eco de los momentos), Book(El suspiro del pasado), Book(La memoria de los hombres), Book(Los secretos enterrados), Book(El amanecer de la revolucion), Book(La fuerza de la resistencia), Book(Los hilos del destino), Book(El despertar de la civilizacion), Book(El secreto de la realeza), Book(La lucha por la igualdad), Book(El susurro de los dioses), Book(La busqueda del tesoro perdido), Book(El destino de los elegidos), Book(La danza de la revolucion), Book(La balada de los valientes), Book(El ultimo acto), Book(La caida de una dinastia), Book(La conspiracion del poder), Book(El ultimo testamento), Book(El misterio de la realeza), Book(El despertar de la conciencia), Book(La batalla por la libertad), Book(La caida de una era), Book(La pasion en tiempos oscuros), Book(La busqueda de la reliquia perdida), Book(El destino de los olvidados), Book(El legado de los martires), Book(El renacer de una civilizacion), Book(El grito de la emancipacion), Book(La caida de un linaje), Book(El amor en epocas turbulentas), Book(El ultimo legado), Book(La sombra del reino), Book(El misterio de la monarquia), Book(La fuerza de la fe), Book(La batalla por la independencia), Book(El ultimo respiro), Book(La pasion en tiempos de adversidad), Book(El rastro de la codicia), Book(El susurro de los dioses antiguos), Book(La danza de la insurreccion), Book(La balada de los heroes caidos), Book(El amor en tiempos de conflicto), Book(La llama de la revolucion)]"
3,Susanna Doyle,FALSE,adult,Historical,TRUE,"[Book(El eco de los tiempos), Book(El legado de los ancestros), Book(La sombra del pasado), Book(El suspiro de la nostalgia), Book(El latido de la historia), Book(El tesoro olvidado), Book(La melodia del tiempo), Book(La huella de los anos), Book(La mirada del pasado), Book(La memoria de la humanidad), Book(El reflejo de la vida pasada), Book(El tesoro de la historia), Book(La melodia de los siglos), Book(La mirada de la historia), Book(El legado de una era), Book(El latido de la nostalgia), Book(El retrato de una epoca), Book(La melodia del pasado), Book(El eco de los ancestros), Book(El legado perdido), Book(El laberinto del tiempo), Book(El destino de los valientes), Book(El vuelo de las aguilas), Book(El amargo sabor de la guerra), Book(La melodia de la libertad), Book(El ultimo suspiro), Book(La caida de un imperio), Book(La esperanza en ruinas), Book(El rastro de la traicion), Book(El legado de los antepasados), Book(El misterio de la historia), Book(La guerra en las sombras), Book(El despertar de la esperanza), Book(El renacimiento de una nacion), Book(El grito de la libertad), Book(La senda de la venganza), Book(El rugido del leon), Book(El destino de los desterrados), Book(La llama de la rebelion), Book(La sombra del imperio), Book(La promesa incumplida), Book(La fuerza de la esperanza), Book(El legado oculto), Book(El ultimo aliento), Book(El secreto del trono), Book(El rastro de la ambicion), Book(La lucha por los derechos), Book(El susurro de los antiguos), Book(La danza de la revuelta), Book(La balada de los caidos), Book(El enigma de la historia), Book(La guerra en la penumbra), Book(El ultimo capitulo), Book(El rugido del tigre), Book(El legado escondido), Book(La caida de una epoca), Book(El secreto del poder), Book(La lucha por la justicia), Book(La busqueda del objeto perdido), Book(El destino de los abandonados), Book(La guerra en las tinieblas), Book(El renacimiento de una sociedad), Book(El grito de la liberacion)]"
4,Mathias Blanc,TRUE,adult,Mystery,TRUE,"[Book(La sombra del detective), Book(El enigma de la calle desierta), Book(La noche del misterio sin resolver), Book(El silencio de la victima), Book(El puzzle del asesinato perfecto), Book(El detective y la sombra del pasado), Book(El caso del testigo desaparecido), Book(El secreto del informante anonimo), Book(La red de enganos policiales), Book(El misterio de la casa abandonada), Book(La traicion del detective leal), Book(El caso del asesinato sin motivo), Book(El secreto del jurado manipulado), Book(La red de conspiraciones policiales), Book(El enigma del cadaver sin identidad), Book(La trampa del detective enmascarado), Book(El secreto de la victima olvidada), Book(El laberinto de las pruebas falsas), Book(El misterio de la marca de fuego), Book(El caso del detective sin rostro), Book(El secreto del testigo amenazado), Book(La red de mentiras policiales), Book(El misterio de la casa encantada), Book(La trampa del detective traicionado), Book(El secreto de la victima desconocida), Book(El enigma de la sombra nocturna), Book(El susurro de los secretos ocultos), Book(El juego del destino incierto), Book(La sombra del pasado eterno), Book(El laberinto de las mentiras), Book(El susurro de la muerte silenciosa), Book(La oscuridad tras el espejo roto), Book(La sombra del pasado olvidado), Book(El enigma de los suspiros perdidos), Book(La trampa del laberinto infernal), Book(El susurro de la noche eterna), Book(El misterio de la habitacion vacia), Book(La oscuridad tras la sonrisa falsa), Book(La sombra del pasado oscuro), Book(La trampa del laberinto siniestro), Book(El secreto bajo la mascara de porcelana), Book(La oscuridad tras el espejo maldito), Book(Sombras en la oscuridad), Book(El misterio de la casa embrujada), Book(El secreto de la tumba olvidada), Book(La puerta hacia lo desconocido), Book(El susurro de los espiritus), Book(El fantasma de la mansion abandonada), Book(La sombra que acecha en la penumbra), Book(El enigma de la llave ancestral), Book(La sombra del monstruo invisible)]"
5,Nihal Ekici,FALSE,adult,Mystery,TRUE,"[Book(El secreto detras del crimen), Book(El caso del inspector perdido), Book(El laberinto de las pistas ocultas), Book(El misterio de la habitacion cerrada), Book(El enigma de la carta anonima), Book(La traicion del alguacil), Book(La conspiracion del juez corrupto), Book(El enigma del reloj sin agujas), Book(El caso del detective sin nombre), Book(La trampa del inspector infiltrado), Book(El secreto de la victima silenciosa), Book(La sombra del crimen perfecto), Book(El laberinto de los sospechosos), Book(El misterio de la marca de sangre), Book(El enigma del testigo misterioso), Book(El misterio de la mansion embrujada), Book(La sombra del crimen insoluble), Book(El enigma de la coartada perfecta), Book(La traicion del inspector corrupto), Book(El enigma del asesinato sin rastro), Book(La trampa del laberinto mortal), Book(La oscuridad tras la sonrisa), Book(El enigma de la noche eterna), Book(El secreto bajo la luna de sangre), Book(El misterio de la mente perturbada), Book(El juego del destino implacable), Book(El secreto bajo la piel palida), Book(El juego del destino traicionero), Book(El enigma de los secretos prohibidos), Book(El susurro de la muerte acechante), Book(El misterio de la mente atormentada), Book(El laberinto de los suenos perdidos), Book(El misterio de la mirada perdida), Book(El secreto del espejo encantado), Book(La criatura de la oscuridad), Book(El espiritu que vaga sin descanso), Book(Los secretos ocultos del viejo cementerio), Book(El susurro de los muertos)]"
6,Vedat Kutlay,FALSE,adult,Fantasy,TRUE,"[Book(El Reino de las Sombras Perdidas), Book(La Espada de la Eternidad), Book(El Laberinto de las Almas Errantes), Book(La Cancion de los Elementos), Book(El Destino de los Portales), Book(El Enigma de la Luna Magica), Book(El Legado de los Guardianes), Book(La Profecia de los Heroes), Book(El Misterio de la Piedra Encantada), Book(La Senda de los Secretos Prohibidos), Book(La Guerra de las Razas Miticas), Book(La Llave del Portal Dimensional), Book(El Ultimo Suspiro del Inmortal), Book(El Laberinto de la Oscuridad), Book(El Velo de la Pesadilla), Book(El Legado de la Muerte), Book(El Resplandor de la Luna Negra), Book(La Sombra del Caos), Book(La Profecia de la Tormenta), Book(El Manto de las Tinieblas), Book(La Marca del Destino), Book(La Corona de los Pesares), Book(El Bosque de los Lamentos), Book(La Cosecha de las Almas), Book(El Sueno de las Sombras), Book(El Laberinto de los Suenos), Book(El Portal de los Destinos), Book(El Bosque de los Susurros), Book(El Laberinto de los Recuerdos), Book(El Portal de las Pesadillas), Book(Las Calles del Silencio), Book(La Torre de los Misterios), Book(Las Calles del Despertar), Book(La Ciudad de los Suenos), Book(El Portal de las Maravillas)]"
7,Yuhim Shulika,TRUE,adult,Fantasy,TRUE,"[Book(El Susurro de los Dragones), Book(El Oraculo de los Suenos Olvidados), Book(Las Cronicas del Reino de Cristal), Book(El Velo de los Dioses Antiguos), Book(El Despertar de los Seres de Luz), Book(El Laberinto de los Suenos Perdidos), Book(La Batalla de los Reinos Olvidados), Book(La Profecia de los Siete Reinos), Book(El Legado de los Elementales), Book(El Secreto de los Guardianes Celestiales), Book(La Espada del Destino), Book(El Misterio de la Isla Prohibida), Book(El Reino de las Sombras), Book(El Susurro de los Demonios), Book(La Danza de los Espectros), Book(El Jardin de las Almas Perdidas), Book(El Canto de los Condenados), Book(El Espejo de la Locura), Book(El Origen de los Vampiros), Book(La Ciudad de los Susurros), Book(El Ultimo Suspiro), Book(El Laberinto de las Pesadillas), Book(El Legado de las Criaturas), Book(La Senda de los Sacrificios), Book(El Eco de la Oscuridad), Book(La Cancion de los Condenados), Book(El Rostro del Miedo), Book(La Ciudad de los Mil Reflejos), Book(El Reino de los Susurros), Book(Las Calles del Olvido), Book(La Torre de los Secretos), Book(La Ciudad de los Suenos Perdidos), Book(El Reino de los Espejos), Book(El Bosque de las Sombras), Book(La Ciudad de los Deseos Prohibidos), Book(El Portal de las Ilusiones), Book(El Reino de los Encantamientos), Book(La Torre de los Enigmas), Book(El Bosque de los Encuentros), Book(El Reino de los Secretos Olvidados), Book(Las Calles del Misterio), Book(La Torre de los Suenos)]"
8,Antoniy Litvinyuk,FALSE,adult,Science_Fiction,TRUE,"[Book(El Origen de las Estrellas), Book(El Canto de las Galaxias), Book(El Sueno de los Exploradores), Book(El Misterio del Agujero Negro), Book(La Rebelion de los Androides), Book(El Secreto de la Nave Espacial), Book(La Profecia del Universo), Book(El Enigma de la Nebulosa), Book(La Odisea de los Cosmonautas), Book(El Exilio de los Humanos), Book(La Batalla por la Galaxia), Book(El Laberinto de la Realidad Virtual), Book(El Oraculo de los Algoritmos), Book(El Ultimo Bit de Libertad), Book(Los Susurros del Codigo Fuente), Book(El Vuelo de los Datos Perdidos), Book(El Cerebro Cibernetico), Book(La Guerra de los Megacorporaciones), Book(Despertar en el abismo), Book(La ciudad en ruinas), Book(El laberinto de la desolacion), Book(El legado de la devastacion), Book(El silencio de la civilizacion), Book(El amanecer sombrio), Book(La era de la desesperacion), Book(La rebelion en ruinas), Book(El Codigo de las Maquinas), Book(La Era de los Ciberpunks), Book(El Laberinto de la Inteligencia Artificial), Book(El Horizonte de los Androides), Book(El Viaje a la Realidad Virtual), Book(La Red de los Suenos), Book(La Revolucion de los Nanobots), Book(La Era de los Drones)]"
9,Konon Volyanskiy,TRUE,adult,Science_Fiction,TRUE,"[Book(El Viaje de los Astronautas), Book(El Destino de los Planetas), Book(La Danza de los Cometas), Book(La Guerra de las Constelaciones), Book(El Legado de los Extraterrestres), Book(El Laberinto de los Planetas), Book(La Alianza de las Razas), Book(Suenos Enredados en el Ciberespacio), Book(Ciudad de Neones y Circuitos), Book(El Reloj de los Hackers), Book(La Rebelion de los Cyborgs), Book(La Cibernetica de los Sentimientos), Book(La Ciudad de los Drones), Book(El Espejo Digital del Futuro), Book(El Lenguaje de las Maquinas), Book(El Amanecer de la Inteligencia Artificial), Book(El Resplandor de los Hologramas), Book(La Conexion de las Almas Digitales), Book(El ultimo eco), Book(Maquinas de cenizas), Book(El ocaso de la humanidad), Book(El renacer de la oscuridad), Book(El susurro del fin), Book(El camino hacia la nada), Book(El destino en llamas), Book(Las sombras del manana), Book(El olvido de la humanidad), Book(La ultima esperanza), Book(La Ultima Frontera Tecnologica), Book(La Conexion del Futuro), Book(El Legado de los Cyborgs), Book(La Rebelion de las Maquinas), Book(El Oraculo de los Datos), Book(La Ciudad de los Algoritmos), Book(La Guerra de los Hackers), Book(El Amanecer de la Realidad Aumentada)]"
10,Dawn Lewis,FALSE,adult,Horror,TRUE,"[Book(El susurro en la oscuridad), Book(El eco del terror), Book(El laberinto de las pesadillas), Book(El pacto siniestro), Book(El misterio de las sombras eternas), Book(El portal de los espiritus perdidos), Book(La oscuridad que acecha), Book(El secreto en la mansion embrujada), Book(El espectro en la noche), Book(El enigma de la casa abandonada), Book(La sombra del terror), Book(La sombra en la mente), Book(El laberinto de la psique), Book(El reflejo siniestro), Book(La pesadilla en el espejo), Book(El enigma de la mente retorcida)]"
11,Nicolas Harris,TRUE,adult,Horror,TRUE,"[Book(El juego de la muerte), Book(La sombra del miedo), Book(La trampa mortal), Book(El secreto del abismo), Book(La noche sin fin), Book(La casa de los susurros), Book(El susurro del mas alla), Book(El eco de los lamentos), Book(El suspenso del mas alla), Book(El despertar de los muertos), Book(El eco de la locura), Book(El susurro de la oscuridad), Book(La trampa de la cordura), Book(El secreto de la mente fracturada), Book(El abismo de la conciencia), Book(El vertigo de la obsesion)]"
12,Tammy Wood,TRUE,adult,Contemporary,TRUE,"[Book(Susurros en el tiempo), Book(El latido de las estrellas), Book(El eco de los recuerdos), Book(La melodia de los corazones), Book(El susurro de los secretos), Book(El encanto de lo prohibido), Book(Las lagrimas del ayer), Book(El baile de las emociones), Book(La promesa en la distancia), Book(El eco de los suenos), Book(El amanecer de los amantes), Book(El encanto de la intriga), Book(El perfume de la tentacion), Book(El beso del perdon), Book(El reflejo de la melancolia), Book(La promesa del amor eterno), Book(El susurro de la tentacion), Book(El susurro de la ilusion), Book(La promesa de la eternidad), Book(El eco de la esperanza perdida), Book(La sombra del olvido), Book(El reflejo de la tentacion), Book(El susurro de la guerra interior), Book(El fuego de la traicion), Book(El susurro de la venganza), Book(La promesa del pasado), Book(El eco de la soledad), Book(La sombra del desamor), Book(El fuego de la ilusion), Book(El amanecer de los secretos), Book(El susurro de la esperanza), Book(La promesa de la libertad), Book(El eco de los suenos perdidos), Book(El abrazo del corazon herido), Book(La melodia del destino), Book(La sombra del deseo prohibido), Book(El abrazo de la soledad), Book(El encanto de la redencion), Book(El amanecer de la ilusion), Book(El perfume de la intriga), Book(El abrazo del destino perdido), Book(El susurro del amor perdido), Book(El latido de la traicion), Book(La promesa del corazon herido), Book(El perfume de la esperanza perdida), Book(La sombra de los secretos ocultos), Book(El abrazo de la tentacion prohibida), Book(El reflejo de la venganza), Book(El susurro de la pasion desenfrenada), Book(El latido de la ilusion), Book(El amanecer de la soledad eterna), Book(El beso del deseo oculto), Book(La promesa de la redencion), Book(La melodia del destino perdido), Book(El eco de la soledad eterna), Book(La sombra de la traicion), Book(El abrazo de la esperanza rota), Book(El susurro de la pasion prohibida), Book(El latido del deseo oculto), Book(El amanecer del amor eterno), Book(La promesa del pasado olvidado), Book(El reflejo del corazon herido), Book(Miradas de Cristal), Book(El eco de los silencios), Book(Entre sombras y verdades), Book(Reflejos de una vida), Book(El refugio de los corazones rotos), Book(A traves de tus ojos), Book(El laberinto de los secretos), Book(Las palabras que nunca dijimos), Book(El peso de las decisiones), Book(El suspiro del viento), Book(El arte de ser imperfecto), Book(El faro en la tormenta), Book(La huella de los suenos), Book(Los secretos del pasado), Book(El puente entre dos mundos), Book(La melodia de la tristeza), Book(El reflejo de la ausencia), Book(El susurro de la noche), Book(El eco de la melancolia), Book(La esencia de la vida), Book(El refugio de los suenos), Book(El laberinto de los suenos), Book(Las piezas del rompecabezas), Book(La melodia de la oscuridad), Book(El abismo de los secretos), Book(La fragilidad de la felicidad), Book(El eco de la nostalgia), Book(El refugio de la soledad), Book(La melodia de la vida), Book(El susurro del perdon), Book(El baile de los recuerdos), Book(El susurro del alma), Book(La sombra del destino), Book(Los hilos del pasado), Book(La tristeza de los recuerdos), Book(Fragmentos del Caos), Book(La ciudad olvidada), Book(El laberinto de sombras), Book(El fin del mundo en tus ojos), Book(Mascaras de acero), Book(La rebelion de los susurros), Book(El jardin de cristal), Book(El tiempo detenido), Book(La oscuridad eterna), Book(El espejo quebrado), Book(El eco del vacio), Book(El invierno perpetuo), Book(El reloj sin tiempo), Book(El lamento de las estrellas), Book(Las ruinas del exodo), Book(La mirada del abismo), Book(El susurro de la desolacion), Book(El eco de la destruccion), Book(El ultimo aliento del sol), Book(El reflejo perdido), Book(El fin de los dias), Book(El susurro del tiempo), Book(La ciudad de los espejos rotos), Book(El abismo de la esperanza), Book(La tormenta eterna), Book(El lamento de los caidos), Book(Las ruinas del olvido), Book(La mirada del vacio), Book(El despertar de la destruccion), Book(El susurro de la desesperanza), Book(La ciudad en llamas), Book(El reflejo olvidado), Book(El fin de todo), Book(El grito del vacio), Book(El jardin de las pesadillas), Book(La oscuridad que nos consume), Book(El abismo del olvido), Book(La tormenta interminable), Book(El despertar de la devastacion), Book(El corazon de la penumbra), Book(El laberinto de los susurros), Book(La melodia de la oscuridad eterna), Book(El fin de la existencia), Book(El susurro del infinito), Book(El grito del olvido), Book(El jardin de las almas perdidas), Book(El abismo del recuerdo), Book(El lamento de los desolados), Book(El despertar de la destruccion total), Book(El corazon de la oscuridad infinita), Book(El eco de la muerte eterea), Book(La ciudad en cenizas), Book(El ultimo aliento de la eternidad perdida), Book(El reflejo olvidado en el abismo), Book(El fin del universo), Book(La ciudad de las almas rotas), Book(El jardin de las pesadillas eternas), Book(El eco de la locura eterna), Book(La oscuridad que nos devora), Book(El laberinto de la imaginacion perdida), Book(Las ruinas del pasado olvidado), Book(El susurro de la desesperacion eterna), Book(El laberinto de los secretos olvidados), Book(El reflejo olvidado en el abismo del tiempo), Book(La oscuridad que nos devora eternamente), Book(El rio de los recuerdos perdidos eternamente)]"
13,Anna Madsen,FALSE,adult,Contemporary,TRUE,"[Book(Bajo el cielo de seda), Book(El destino tejido en hilos), Book(El fuego de la pasion), Book(El amanecer de los suenos), Book(La promesa del atardecer), Book(El perfume del amor), Book(El abrazo de la nostalgia), Book(El reflejo de la esperanza), Book(El susurro de la guerra), Book(El latido del deseo), Book(El beso de la traicion), Book(La melodia del corazon), Book(El fuego de la venganza), Book(El latido de la libertad), Book(El suspiro de la pasion), Book(El baile de las sombras), Book(La promesa del recuerdo), Book(La melodia de los amantes), Book(El eco de la esperanza), Book(La sombra del deseo), Book(El abrazo del olvido), Book(El susurro de la redencion), Book(El latido de la guerra), Book(El encanto de lo inesperado), Book(El fuego de la esperanza), Book(El amanecer de la pasion), Book(El susurro de la traicion), Book(El beso del destino), Book(La melodia de la nostalgia), Book(El eco de los secretos), Book(El perfume de la seduccion), Book(La sombra del misterio), Book(El reflejo de la soledad), Book(El latido de la venganza), Book(El beso de la libertad), Book(El encanto de la pasion prohibida), Book(El fuego de la intriga), Book(El amanecer de los recuerdos), Book(El baile de los corazones rotos), Book(La melodia del deseo), Book(El beso de la melancolia), Book(El latido de la redencion), Book(El encanto de la pasion perdida), Book(El amanecer de la esperanza), Book(El beso de la intriga), Book(La melodia de los suenos rotos), Book(El abrazo del recuerdo), Book(El reflejo de la tristeza), Book(El latido del destino), Book(El encanto de lo inalcanzable), Book(La melodia de la melancolia), Book(El reflejo del amor), Book(El susurro de la tentacion prohibida), Book(El encanto del olvido), Book(El fuego de la pasion eterna), Book(El amanecer de la traicion), Book(El susurro de la promesa rota), Book(El beso de la esperanza perdida), Book(El eco de la intriga), Book(El perfume del pasado), Book(El reflejo del desamor), Book(El susurro del recuerdo), Book(El latido de la tristeza), Book(El fuego de la pasion desenfrenada), Book(El beso de la tentacion), Book(La promesa de la venganza), Book(El eco de la pasion prohibida), Book(El reflejo de la soledad eterna), Book(El encanto de la esperanza rota), Book(El fuego de la melancolia), Book(El amanecer de la pasion prohibida), Book(El susurro del deseo oculto), Book(El beso de la redencion), Book(La melodia del amor eterno), Book(El eco de la traicion), Book(El encanto del pasado olvidado), Book(El fuego del destino perdido), Book(El susurro del amor prohibido), Book(El perfume del amor perdido), Book(El fuego del corazon herido), Book(El perfume del amor prohibido), Book(La sombra del deseo oculto), Book(El abrazo de la redencion), Book(El encanto del destino perdido), Book(El fuego de la soledad eterna), Book(El amanecer del amor prohibido), Book(El latido del tiempo), Book(El susurro de los recuerdos), Book(El rompecabezas del destino), Book(La danza de los suenos), Book(Caminos entrelazados), Book(Los hilos invisibles), Book(La melodia de los suenos), Book(La fragilidad del alma), Book(El abismo de la memoria), Book(El rastro de las lagrimas), Book(La tristeza de las palabras), Book(El suspiro de la vida), Book(El susurro del pasado), Book(Las huellas del corazon), Book(El peso de los recuerdos), Book(El eco de la pasion), Book(Las sombras del corazon), Book(La eternidad en un suspiro), Book(El eco del silencio), Book(El eco de la libertad), Book(El rastro de la felicidad), Book(El eco de la tristeza), Book(El eco de la ausencia), Book(El peso del olvido), Book(El refugio de la esperanza), Book(El eco de la vida), Book(Suenos rotos), Book(Amanecer de cenizas), Book(La ciudad de los suspiros), Book(Las cenizas del paraiso), Book(La tormenta inmortal), Book(El abismo de la mente), Book(El rio de las almas perdidas), Book(El despertar del caos), Book(El corazon de la oscuridad), Book(El laberinto de los suenos rotos), Book(La melodia del silencio), Book(El grito de la nada), Book(El jardin de las sombras), Book(La oscuridad que nos rodea), Book(El ultimo susurro del viento), Book(El reloj sin fin), Book(El laberinto de la realidad), Book(El rio de los suenos perdidos), Book(El corazon de las sombras), Book(El eco de la muerte), Book(El laberinto de los suspiros), Book(El ultimo aliento del tiempo), Book(El susurro de la eternidad), Book(El ultimo susurro del silencio), Book(El laberinto de la fantasia), Book(El lamento de los olvidados), Book(Las ruinas del recuerdo), Book(El rio de los deseos perdidos), Book(La mirada de la nada), Book(El eco de la muerte eterna), Book(El ultimo aliento de la eternidad), Book(El reflejo perdido en el tiempo), Book(El ultimo susurro del olvido), Book(La tormenta sin fin), Book(El laberinto de la imaginacion), Book(Las ruinas del pasado), Book(El rio de los recuerdos perdidos), Book(La mirada del vacio eterno), Book(El susurro de la desesperacion), Book(El susurro del infinito oscuro), Book(El grito del olvido eterno), Book(El abismo del recuerdo perdido), Book(El ultimo susurro del olvido eterno), Book(El eco de la soledad infinita), Book(El lamento de los desolados eternos), Book(La ciudad en cenizas eternas), Book(El fin del cosmos), Book(La ciudad de las almas rotas eternamente)]"
14,Ewen Laurent,FALSE,teenager,Fantasy,TRUE,"[Book(Cantos de Drakonia), Book(Sombras de Aetherium), Book(Hechizos de Quimera Invertida), Book(Misticos Arcanos de Silmar), Book(Destellos de Vortex Sempiterno), Book(Susurros de Titanio Encantado), Book(Versos de Cristal Oscuro)]"
15,Brooklyn Lewis,TRUE,teenager,Fantasy,TRUE,"[Book(Crepusculo Astral en Meridia), Book(Sabiduria de los Cronofagos), Book(Soledad del Pegaso Herido)]"
16,Hayley Lewis,FALSE,teenager,Adventure,TRUE,"[Book(Travesia por Dunas Carmesi), Book(Huracanes del Desierto Escondido), Book(Expedicion al Valle Intransitable), Book(Navegantes del Rio Inverso), Book(Descubrimiento del Oasis Espejismo)]"
17,Homero Arevalo,TRUE,teenager,Adventure,TRUE,"[Book(Ascenso a la Montana Resplandeciente), Book(Caminos en la Selva de Zafiro), Book(Rincones Ocultos de Atlantida), Book(Vuelo sobre el Canon Profundo), Book(Salto entre Islas Flotantes)]"
18,Oscar Roberts,FALSE,teenager,Romance,TRUE,"[Book(Besos bajo Luna de Amatista), Book(Encantos del Lago de las Perlas), Book(Corazones entre Ruinas Silenciosas), Book(Romance a Orillas del Rio de Plata), Book(Destinos Entrelazados en la Torre Iridescente)]"
19,Erling Stangeland,TRUE,teenager,Romance,TRUE,"[Book(Suspiros en el Crepusculo de Coral), Book(Amor en los Campos de Lavanda), Book(Pasion en el Palacio de Nacar), Book(Serenata de Estrellas Fugaces), Book(Brisa de Amor en la Costa Esmeralda)]"
20,Alvin Harper,FALSE,teenager,Mystery,TRUE,"[Book(Sombras sobre la Mansion de Obsidiana), Book(Susurros en la Biblioteca Abandonada), Book(El Reloj que Toco Medianoche), Book(Secreto en el Jardin de los Suspiros), Book(Intriga en el Callejon sin Salida), Book(Retrato de una Dama Desvanecida)]"
21,Theodor Marchand,TRUE,teenager,Mystery,TRUE,"[Book(Ecos de un Pasado Oscuro), Book(Enigma de la Habitacion Sellada), Book(Codex de las Puertas Entrelazadas), Book(Espejo de las Almas Perdidas)]"
22,Pascual Peralta,FALSE,teenager,Dystopia,TRUE,"[Book(Desierto de Acero y Neon), Book(Refugio en la Ciudad de Cenizas), Book(Exilio en la Isla Tecnologica), Book(El Ultimo Bosque bajo el Dome)]"
23,Josefino Nunes,TRUE,teenager,Dystopia,TRUE,"[Book(Laberinto de Pantallas Silenciosas), Book(Anarquia en el Enclave de Cristal), Book(Rebelion en la Metropolis de Hielo), Book(Rincones Oscuros de Utopia), Book(Retorno a la Zona Contaminada), Book(Coloso de las Tierras Yermas)]"
24,Cameron Carpenter,TRUE,teenager,Social,TRUE,"[Book(Voces de la Barriada Olvidada), Book(Luchas en la Escuela de Espejos), Book(Resistencia en el Parque de los Suenos), Book(Vidas Paralelas en la Torre de Babel), Book(Sociedad del Mosaico Roto), Book(Revolucion en la Fabrica de Ideas), Book(Diario de un Vendedor de Sonrisas), Book(Mujeres en la Ciudad Invisible)]"
25,Marie Thomsen,FALSE,teenager,Social,TRUE,"[Book(Historias desde el Tren Subterraneo), Book(Silencio en la Plaza de Oro)]"
26,Leonard Mendoza,TRUE,children,,False,"[Book(Carrera por el Valle Saltarin), Book(Natacion en la Laguna Risuena), Book(Baloncesto entre Nubes Algodonosas), Book(Patinaje sobre el Lago de Miel), Book(Golf en el Bosque Susurrante), Book(Tenis en la Isla Deslumbrante), Book(Ritmos del Desierto Colorido), Book(Sinfonia de la Selva Luminosa), Book(Rock en el Volcan Vibrante), Book(Rap en la Calle del Murmullo), Book(Blues en la Cueva Misteriosa), Book(Reggae en la Playa Chispeante), Book(Dia de Mercado en Pueblo Feliz), Book(Paseo por el Parque Chisporroteante), Book(Desayuno en la Cocina Magica), Book(Exploracion del Bosque Risueno), Book(Expedicion al Reino Escondido), Book(Odisea en el Mar de Burbujas), Book(Vuelo en el Globo Sorridente), Book(Travesia de la Montana Saltarina), Book(Costumbres del Valle Encantado), Book(Folklore de la Isla Riente), Book(Cuentos del Pais Mosaico), Book(Celebraciones del Desierto Florido), Book(Historias de la Region Cascabel), Book(Brujeria en la Escuela Chispeante), Book(Pocimas en la Cocina Chirriante), Book(Conjuros en el Castillo Nuboso), Book(Magia en la Playa de las Estrellas), Book(Alquimia en la Cueva de Cristales), Book(Misterios en el Lago Resplandeciente)]"
27,Tommy Hale,FALSE,children,,False,"[Book(Futbol en la Ciudad Regordeta), Book(Beisbol en el Campo Arcoiris), Book(Acrobacias en la Plaza Giratoria), Book(Rugby con los Monstruos Amistosos), Book(Melodias desde el Monte Cantarin), Book(Cancion del Oceano Sonriente), Book(Jazz en la Noche Estrellada), Book(Pop entre los Arboles Bailarines), Book(Recreo en la Escuela del Sol), Book(Cumpleanos en la Casa Revoloteante), Book(Siesta en la Habitacion Nubosa), Book(Juegos en el Jardin Secretito), Book(Estudio en la Biblioteca Voladora), Book(Cena en el Comedor Girasol), Book(Noche en la Terraza Encantada), Book(Viaje al Planeta Juguete), Book(Safari por el Zoo Fabuloso), Book(Aventura en la Ciudad de Dulces), Book(Periplo por la Isla Piruleta), Book(Ruta por el Valle de los Dibujos), Book(Fiesta en la Aldea Arcoiris), Book(Tradiciones del Pueblo Caramelo), Book(Mitologia de la Ciudad Sonambula), Book(Leyendas del Barrio Aventura), Book(Rituales de la Montana Cantora), Book(Hechizos del Jardin Susurrante), Book(Encantos de la Luna Cascaron), Book(Sortilegios del Bosque Titilante), Book(Adivinacion en la Torre Susurro)]"
28,Shchastibog Filevich,FALSE,baby,,TRUE,"[Book(Saltitos y Carreritas), Book(Pelota Sonriente), Book(Burbujas Acuaticas Juguetonas), Book(Estrellitas Patinadoras), Book(Tamborcito Feliz), Book(Pajaritos Cantarines), Book(Despertar con el Sol Brillante), Book(Jueguito de la Casa), Book(Noche de Luna y Estrellitas), Book(Bano de Burbujas Magicas), Book(Vuelo en Globo de Colores), Book(La Casita en el Arbol), Book(Bailando con los Sonidos del Mundo)]"
29,Faraj Moolya,TRUE,baby,,TRUE,"[Book(Aros Coloreados en el Aire), Book(Melodia de los Animalitos), Book(Cancion de la Risa), Book(Danza de las Mariposas), Book(Hora de Comer: Â¡Frutas y Risas!), Book(Dia de Parque y Juegos), Book(Paseo en Trenecito Encantado), Book(Aventuras de Peluches), Book(Varita de Estrellitas), Book(El Espejo de las Risas), Book(El Jardin que Habla), Book(Nube Suavecita y Magica), Book(El Sombrero que Canta), Book(Descubriendo el Mundo a Traves de Colores), Book(Risas y Sonrisas de Todas las Culturas), Book(Cuentos de la Abuela en el Mundo Entero), Book(Viaje Magico por las Maravillas del Planeta)]"
